<ImportExportXml xmlns:xsi="http://www.w3.org/2001/XMLSchema-instance">
  <Entities></Entities>
  <Roles></Roles>
  <Workflows></Workflows>
  <FieldSecurityProfiles></FieldSecurityProfiles>
  <Templates />
  <EntityMaps />
  <EntityRelationships />
  <OrganizationSettings />
  <optionsets />
  <WebResources>
    <WebResource>
      <WebResourceId>{5a84248c-7489-e311-8f1c-000c29bd3ee0}</WebResourceId>
      <Name>unizap_/QuickCopy/QuickCopy_License.xml</Name>
      <DisplayName>QuickCopy_License.xml</DisplayName>
      <WebResourceType>4</WebResourceType>
      <IsCustomizable>1</IsCustomizable>
      <CanBeDeleted>1</CanBeDeleted>
      <IsHidden>0</IsHidden>
      <FileName>/WebResources/unizap_QuickCopyQuickCopy_Licensexml5A84248C-7489-E311-8F1C-000C29BD3EE0</FileName>
    </WebResource>
  </WebResources>
  <Languages>
    <Language>1033</Language>
  </Languages>
</ImportExportXml>