<ImportExportXml version="5.0.9690.3731" minimumversion="5.0" languagecode="1033" generatedBy="OnPremise" xmlns:xsi="http://www.w3.org/2001/XMLSchema-instance">
  <SolutionManifest>
    <UniqueName>QuickCopy</UniqueName>
    <LocalizedNames>
      <LocalizedName description="QuickCopy" languagecode="1033" />
    </LocalizedNames>
    <Descriptions>
      <Description description="-Quickly create an exact copy of any existing record.&#xA;-Exclude fields that you do not want to be copied.&#xA;-Configure related records that you want to copy along with the original record." languagecode="1033" />
    </Descriptions>
    <Version>1.0.0.0</Version>
    <Managed>1</Managed>
    <Publisher>
      <UniqueName>unizap</UniqueName>
      <LocalizedNames>
        <LocalizedName description="UNIZAP" languagecode="1033" />
      </LocalizedNames>
      <Descriptions>
        <Description description="We provide CRM/xRM solutions using Microsoft Dynamics CRM that enable our customers to perform their daily business more efficiently. We also focus on developing Add-ons for Microsoft Dynamics CRM. &#xA;&#xA;Our team of technology consultants is adept at understanding the business challenges &amp; providing solutions to overcome these challenges. &#xA;&#xA;Services we offer:&#xA;&#xA;• Microsoft Dynamics CRM&#xA;o Consulting&#xA;o Customization/ Configuration/ Implementation&#xA;o Enhancements&#xA;o Maintenance&#xA;o Add-ons" languagecode="1033" />
      </Descriptions>
      <EMailAddress>info@unizap.com</EMailAddress>
      <SupportingWebsiteUrl>http://www.unizap.com</SupportingWebsiteUrl>
      <CustomizationPrefix>unizap</CustomizationPrefix>
      <CustomizationOptionValuePrefix>10000</CustomizationOptionValuePrefix>
      <Addresses>
        <Address>
          <AddressNumber>1</AddressNumber>
          <AddressTypeCode>1</AddressTypeCode>
          <City>Mumbai</City>
          <County xsi:nil="true"></County>
          <Country>India</Country>
          <Fax xsi:nil="true"></Fax>
          <FreightTermsCode xsi:nil="true"></FreightTermsCode>
          <ImportSequenceNumber xsi:nil="true"></ImportSequenceNumber>
          <Latitude xsi:nil="true"></Latitude>
          <Line1>151, Evershine Mall</Line1>
          <Line2>Link Road, Malad W</Line2>
          <Line3 xsi:nil="true"></Line3>
          <Longitude xsi:nil="true"></Longitude>
          <Name xsi:nil="true"></Name>
          <PostalCode>400063</PostalCode>
          <PostOfficeBox xsi:nil="true"></PostOfficeBox>
          <PrimaryContactName xsi:nil="true"></PrimaryContactName>
          <ShippingMethodCode>1</ShippingMethodCode>
          <StateOrProvince>Maharashtra</StateOrProvince>
          <Telephone1>+919167066656</Telephone1>
          <Telephone2 xsi:nil="true"></Telephone2>
          <Telephone3 xsi:nil="true"></Telephone3>
          <TimeZoneRuleVersionNumber xsi:nil="true"></TimeZoneRuleVersionNumber>
          <UPSZone xsi:nil="true"></UPSZone>
          <UTCOffset xsi:nil="true"></UTCOffset>
          <UTCConversionTimeZoneCode xsi:nil="true"></UTCConversionTimeZoneCode>
        </Address>
        <Address>
          <AddressNumber>2</AddressNumber>
          <AddressTypeCode>1</AddressTypeCode>
          <City xsi:nil="true"></City>
          <County xsi:nil="true"></County>
          <Country xsi:nil="true"></Country>
          <Fax xsi:nil="true"></Fax>
          <FreightTermsCode xsi:nil="true"></FreightTermsCode>
          <ImportSequenceNumber xsi:nil="true"></ImportSequenceNumber>
          <Latitude xsi:nil="true"></Latitude>
          <Line1 xsi:nil="true"></Line1>
          <Line2 xsi:nil="true"></Line2>
          <Line3 xsi:nil="true"></Line3>
          <Longitude xsi:nil="true"></Longitude>
          <Name xsi:nil="true"></Name>
          <PostalCode xsi:nil="true"></PostalCode>
          <PostOfficeBox xsi:nil="true"></PostOfficeBox>
          <PrimaryContactName xsi:nil="true"></PrimaryContactName>
          <ShippingMethodCode>1</ShippingMethodCode>
          <StateOrProvince xsi:nil="true"></StateOrProvince>
          <Telephone1 xsi:nil="true"></Telephone1>
          <Telephone2 xsi:nil="true"></Telephone2>
          <Telephone3 xsi:nil="true"></Telephone3>
          <TimeZoneRuleVersionNumber xsi:nil="true"></TimeZoneRuleVersionNumber>
          <UPSZone xsi:nil="true"></UPSZone>
          <UTCOffset xsi:nil="true"></UTCOffset>
          <UTCConversionTimeZoneCode xsi:nil="true"></UTCConversionTimeZoneCode>
        </Address>
      </Addresses>
    </Publisher>
    <RootComponents>
      <RootComponent type="1" schemaName="account" />
      <RootComponent type="1" schemaName="campaign" />
      <RootComponent type="1" schemaName="competitor" />
      <RootComponent type="1" schemaName="contact" />
      <RootComponent type="1" schemaName="incident" />
      <RootComponent type="1" schemaName="invoice" />
      <RootComponent type="1" schemaName="lead" />
      <RootComponent type="1" schemaName="opportunity" />
      <RootComponent type="1" schemaName="product" />
      <RootComponent type="1" schemaName="quote" />
      <RootComponent type="1" schemaName="salesorder" />
      <RootComponent type="1" schemaName="unizap_quickcopyexcludefieldsconfig" />
      <RootComponent type="1" schemaName="unizap_quickcopyrelatedentityconfig" />
      <RootComponent type="20" id="{41e1dbc1-f43a-e311-98b6-00155d010b02}" />
      <RootComponent type="61" schemaName="unizap_/QuickCopy/copy16.png" />
      <RootComponent type="61" schemaName="unizap_/QuickCopy/copy32.png" />
      <RootComponent type="61" schemaName="unizap_/QuickCopy/QuickCopy.js" />
      <RootComponent type="62" />
      <RootComponent type="91" schemaName="Unizap.Addon.QuickCopy, Version=1.0.0.0, Culture=neutral, PublicKeyToken=ba21e74440780e5f" />
      <RootComponent type="92" id="{0ca32247-6f48-e311-afee-000c294ba923}" />
      <RootComponent type="92" id="{2053b738-6f48-e311-afee-000c294ba923}" />
      <RootComponent type="92" id="{30dd1c3f-6e48-e311-afee-000c294ba923}" />
      <RootComponent type="92" id="{41b8ada3-6f48-e311-afee-000c294ba923}" />
      <RootComponent type="92" id="{48165f67-6e48-e311-afee-000c294ba923}" />
      <RootComponent type="92" id="{4a165f67-6e48-e311-afee-000c294ba923}" />
      <RootComponent type="92" id="{4e754955-6e48-e311-afee-000c294ba923}" />
      <RootComponent type="92" id="{50754955-6e48-e311-afee-000c294ba923}" />
      <RootComponent type="92" id="{686b669d-6f48-e311-afee-000c294ba923}" />
      <RootComponent type="92" id="{71947e60-6e48-e311-afee-000c294ba923}" />
      <RootComponent type="92" id="{7b75dc61-6f48-e311-afee-000c294ba923}" />
      <RootComponent type="92" id="{7d75dc61-6f48-e311-afee-000c294ba923}" />
      <RootComponent type="92" id="{909438bc-6f48-e311-afee-000c294ba923}" />
      <RootComponent type="92" id="{944e882d-6f48-e311-afee-000c294ba923}" />
      <RootComponent type="92" id="{964e882d-6f48-e311-afee-000c294ba923}" />
      <RootComponent type="92" id="{986ab05a-6f48-e311-afee-000c294ba923}" />
      <RootComponent type="92" id="{b157ad77-6f48-e311-afee-000c294ba923}" />
      <RootComponent type="92" id="{b357ad77-6f48-e311-afee-000c294ba923}" />
      <RootComponent type="92" id="{d7c6ac72-6e48-e311-afee-000c294ba923}" />
      <RootComponent type="92" id="{d9c6ac72-6e48-e311-afee-000c294ba923}" />
      <RootComponent type="92" id="{e1343386-6f48-e311-afee-000c294ba923}" />
      <RootComponent type="92" id="{e5cbbe70-6f48-e311-afee-000c294ba923}" />
      <RootComponent type="92" id="{ebe4bdab-6f48-e311-afee-000c294ba923}" />
    </RootComponents>
    <MissingDependencies />
  </SolutionManifest>
</ImportExportXml>