<ImportExportXml xmlns:xsi="http://www.w3.org/2001/XMLSchema-instance">
  <Entities>
    <Entity>
      <Name LocalizedName="Contact" OriginalName="Contact">Contact</Name>
      <ObjectTypeCode>2</ObjectTypeCode>
      <EntityInfo>
        <entity Name="Contact">
          <LocalizedNames>
            <LocalizedName description="Contact" languagecode="1033" />
          </LocalizedNames>
          <LocalizedCollectionNames>
            <LocalizedCollectionName description="Contacts" languagecode="1033" />
          </LocalizedCollectionNames>
          <Descriptions>
            <Description description="Person with whom a business unit has a relationship, such as customer, supplier, and colleague." languagecode="1033" />
          </Descriptions>
          <attributes>
            <attribute PhysicalName="new_ParentId">
              <Type>nvarchar</Type>
              <Name>new_parentid</Name>
              <LogicalName>new_parentid</LogicalName>
              <RequiredLevel>none</RequiredLevel>
              <DisplayMask>ValidForAdvancedFind|ValidForForm|ValidForGrid</DisplayMask>
              <ImeMode>auto</ImeMode>
              <ValidForUpdateApi>1</ValidForUpdateApi>
              <ValidForReadApi>1</ValidForReadApi>
              <ValidForCreateApi>1</ValidForCreateApi>
              <IsCustomField>1</IsCustomField>
              <IsAuditEnabled>0</IsAuditEnabled>
              <IsSecured>0</IsSecured>
              <IsCustomizable>1</IsCustomizable>
              <IsRenameable>1</IsRenameable>
              <CanModifySearchSettings>1</CanModifySearchSettings>
              <CanModifyRequirementLevelSettings>1</CanModifyRequirementLevelSettings>
              <CanModifyAdditionalSettings>1</CanModifyAdditionalSettings>
              <Format>text</Format>
              <MaxLength>100</MaxLength>
              <Length>200</Length>
              <displaynames>
                <displayname description="Parent Id" languagecode="1033" />
              </displaynames>
            </attribute>
          </attributes>
          <IsDuplicateCheckSupported>1</IsDuplicateCheckSupported>
          <IsRequiredOffline>0</IsRequiredOffline>
          <IsCollaboration>0</IsCollaboration>
          <AutoRouteToOwnerQueue>0</AutoRouteToOwnerQueue>
          <IsConnectionsEnabled>1</IsConnectionsEnabled>
          <IsDocumentManagementEnabled>0</IsDocumentManagementEnabled>
          <OwnershipTypeMask>UserOwned</OwnershipTypeMask>
          <EntityMask>ActivityPointer</EntityMask>
          <IsAuditEnabled>0</IsAuditEnabled>
          <IsActivity>0</IsActivity>
          <ActivityTypeMask>CommunicationActivity</ActivityTypeMask>
          <IsActivityParty>1</IsActivityParty>
          <IsReplicated>1</IsReplicated>
          <IsReplicationUserFiltered>1</IsReplicationUserFiltered>
          <IsMailMergeEnabled>1</IsMailMergeEnabled>
          <IsVisibleInMobile>1</IsVisibleInMobile>
          <IsMapiGridEnabled>1</IsMapiGridEnabled>
          <IsReadingPaneEnabled>1</IsReadingPaneEnabled>
          <HasRelatedNotes>True</HasRelatedNotes>
          <HasRelatedActivities>True</HasRelatedActivities>
        </entity>
      </EntityInfo>
      <FormXml>
        <forms type="main">
          <systemform>
            <formid>{894cc46a-b0cb-4ab0-8bf6-200544e46a2d}</formid>
            <form>
              <tabs>
                <tab name="general" verticallayout="true" id="{9748ec98-3746-40cc-83bf-d15c7363166f}" IsUserDefined="0" ordinalvalue="0">
                  <columns>
                    <column width="100%" id="0">
                      <sections>
                        <section name="name" showlabel="false" showbar="false" id="{90b0776f-2977-4695-9cd4-73bb6c820f88}" IsUserDefined="0" columns="111" locklevel="0" labelwidth="115" celllabelalignment="Left" celllabelposition="Left" height="auto" ordinalvalue="0" solutionaction="Modified">
                          <rows>
                            <row>
                              <cell id="{478c8803-2686-4d10-8cf0-e6e5b3b6007f}" ordinalvalue="10003" solutionaction="Modified" />
                              <cell id="{0304f83d-bb05-4e72-bf12-c9bfa8a8e152}" ordinalvalue="20004" solutionaction="Modified" />
                            </row>
                            <row>
                              <cell id="{8097efd5-8af7-4944-b7a5-42ece196e23d}" ordinalvalue="10006" solutionaction="Modified" />
                              <cell id="{70d9cd8f-142b-4a88-bf82-4d2bc2972140}" ordinalvalue="20007" solutionaction="Modified" />
                            </row>
                            <row>
                              <cell id="{4fde05d9-89b1-4acf-a98f-13159f1bdcc8}" ordinalvalue="10009" solutionaction="Modified" />
                              <cell id="{068c2954-dfdf-4d68-a9da-f70e3feb3e63}" ordinalvalue="20010" solutionaction="Modified" />
                            </row>
                            <row>
                              <cell id="{921eaba2-6044-405e-8354-c3c5dbe3e97f}" ordinalvalue="10012" solutionaction="Modified" />
                              <cell id="{38d7b950-436b-412f-a71b-ae4187e60c14}" ordinalvalue="20013" solutionaction="Modified" />
                            </row>
                            <row>
                              <cell auto="false" showlabel="true" locklevel="0" rowspan="1" colspan="1" id="{1afed90e-5ba2-4868-b33f-e4ffe086596b}" ordinalvalue="10015" solutionaction="Modified" />
                              <cell id="{bbe0ad95-9a47-4fff-92db-8165face5f49}" ordinalvalue="20011" solutionaction="Removed" />
                            </row>
                            <row>
                              <cell id="{36ca886a-8a9b-40dd-c495-115d72857018}" showlabel="false" ordinalvalue="30002" solutionaction="Added">
                                <labels>
                                  <label description="" languagecode="1033" />
                                </labels>
                              </cell>
                            </row>
                            <row>
                              <cell id="{c221033e-b050-a304-3320-46b3ceb50ec1}" showlabel="false" ordinalvalue="30005" solutionaction="Added">
                                <labels>
                                  <label description="" languagecode="1033" />
                                </labels>
                              </cell>
                            </row>
                            <row>
                              <cell id="{a71c9c53-5051-1ae7-9248-a741d78e48d6}" showlabel="false" ordinalvalue="30008" solutionaction="Added">
                                <labels>
                                  <label description="" languagecode="1033" />
                                </labels>
                              </cell>
                            </row>
                            <row>
                              <cell id="{b7742838-25cc-ecb3-b917-48289618c086}" showlabel="false" ordinalvalue="30011" solutionaction="Added">
                                <labels>
                                  <label description="" languagecode="1033" />
                                </labels>
                              </cell>
                            </row>
                            <row>
                              <cell id="{ed62d44c-5390-076a-b3b5-42d9bdc0c2b2}" showlabel="false" ordinalvalue="30014" solutionaction="Added">
                                <labels>
                                  <label description="" languagecode="1033" />
                                </labels>
                              </cell>
                            </row>
                            <row>
                              <cell id="{2a615909-8bd8-1c19-c3b5-cb18aa649e01}" showlabel="false" ordinalvalue="20016" solutionaction="Added">
                                <labels>
                                  <label description="" languagecode="1033" />
                                </labels>
                              </cell>
                              <cell id="{935e46cd-3d16-bae5-57a8-6d382a16ec09}" showlabel="false" ordinalvalue="30017" solutionaction="Added">
                                <labels>
                                  <label description="" languagecode="1033" />
                                </labels>
                              </cell>
                            </row>
                            <row>
                              <cell id="{86a23cc0-59b9-68ba-743e-c622890d9bac}" showlabel="true" locklevel="0" ordinalvalue="10018" solutionaction="Added">
                                <labels>
                                  <label description="" languagecode="1033" />
                                </labels>
                                <control id="new_parentid" classid="{4273EDBD-AC1D-40d3-9FB2-095C621B552D}" datafieldname="new_parentid" disabled="false" />
                              </cell>
                              <cell id="{4da78c80-959b-80a1-d0a3-2027b64e8d93}" showlabel="false" ordinalvalue="20019" solutionaction="Added">
                                <labels>
                                  <label description="" languagecode="1033" />
                                </labels>
                              </cell>
                              <cell id="{a9560286-12ab-a9d8-2750-91948e5da54b}" showlabel="false" ordinalvalue="30020" solutionaction="Added">
                                <labels>
                                  <label description="" languagecode="1033" />
                                </labels>
                              </cell>
                            </row>
                          </rows>
                        </section>
                        <section name="address" showlabel="true" showbar="true" id="{f2f6f734-1790-402f-8e2a-1eaecbceb9e3}" IsUserDefined="0" columns="11" locklevel="0" labelwidth="115" celllabelalignment="Left" celllabelposition="Left" ordinalvalue="1" solutionaction="Modified">
                          <rows>
                            <row>
                              <cell id="{1eb0adf5-95f7-4881-b41b-0885c0d30d76}" ordinalvalue="20003" solutionaction="Modified" />
                            </row>
                            <row>
                              <cell id="{f36d99a5-849a-452e-b37a-6349fad82853}" ordinalvalue="20005" solutionaction="Modified" />
                            </row>
                            <row>
                              <cell id="{10aea51b-0d20-4c65-adef-295b30446be4}" ordinalvalue="20009" solutionaction="Modified" />
                            </row>
                            <row>
                              <cell id="{10de592f-5f18-4f33-871c-08d978f8dfa5}" ordinalvalue="20001" solutionaction="Modified" />
                            </row>
                          </rows>
                        </section>
                        <section name="description" showlabel="true" showbar="true" id="{e165b345-b7ce-4c73-a508-0f42cbf6dd53}" IsUserDefined="0" height="auto" ordinalvalue="3">
                          <rows>
                            <row>
                              <cell colspan="2" showlabel="false" rowspan="5" id="{c0a08372-d225-411f-87e4-14554329507a}" ordinalvalue="10000" solutionaction="Modified" />
                            </row>
                          </rows>
                        </section>
                      </sections>
                    </column>
                  </columns>
                </tab>
                <tab name="details" id="{cafbf41a-42bf-4665-8562-1e37017eba69}" IsUserDefined="0" ordinalvalue="1">
                  <columns>
                    <column width="100%" id="0">
                      <sections>
                        <section name="personal information" showlabel="true" showbar="true" id="{518cc50e-1350-4b4b-a056-fc3c0e7d36d7}" IsUserDefined="0" ordinalvalue="1">
                          <rows>
                            <row>
                              <cell id="{4fbd33df-9d2c-4df4-a9e5-9d7219087f75}" showlabel="false" ordinalvalue="20005" solutionaction="Modified" />
                            </row>
                          </rows>
                        </section>
                      </sections>
                    </column>
                  </columns>
                </tab>
                <tab name="notes and activities" id="{A6C643C6-E98F-4738-812F-0B7F7FFC80F7}" IsUserDefined="0" expanded="false" ordinalvalue="2">
                  <columns>
                    <column width="100%" id="0">
                      <sections>
                        <section name="activities" showlabel="true" showbar="true" id="{f5e95813-3c0a-4385-b2a8-5d88c9edfaf9}" IsUserDefined="0" height="auto" ordinalvalue="0">
                          <rows>
                            <row>
                              <cell id="{2da00e1c-04e8-49b3-98a8-5df718e139a0}" showlabel="false" ordinalvalue="10001" solutionaction="Added">
                                <labels>
                                  <label description="" languagecode="1033" />
                                </labels>
                              </cell>
                              <cell id="{a8025283-a4c7-4114-9859-2e1df9349394}" showlabel="false" ordinalvalue="20002" solutionaction="Added">
                                <labels>
                                  <label description="" languagecode="1033" />
                                </labels>
                              </cell>
                            </row>
                            <row>
                              <cell id="{8d81f56a-1bc9-41ce-ace4-2b52db9b74a6}" showlabel="false" ordinalvalue="10003" solutionaction="Added">
                                <labels>
                                  <label description="" languagecode="1033" />
                                </labels>
                              </cell>
                              <cell id="{986fec96-4cf5-4924-b8b6-c26e9bbcf9a1}" showlabel="false" ordinalvalue="20004" solutionaction="Added">
                                <labels>
                                  <label description="" languagecode="1033" />
                                </labels>
                              </cell>
                            </row>
                            <row>
                              <cell id="{c94c2665-50c7-46c4-a4bd-a4a6adec62fb}" showlabel="false" ordinalvalue="10005" solutionaction="Added">
                                <labels>
                                  <label description="" languagecode="1033" />
                                </labels>
                              </cell>
                              <cell id="{14532a4b-edea-49e3-a6bd-2dfcfec94e58}" showlabel="false" ordinalvalue="20006" solutionaction="Added">
                                <labels>
                                  <label description="" languagecode="1033" />
                                </labels>
                              </cell>
                            </row>
                            <row>
                              <cell id="{c6b07efa-9c08-4e57-8212-9ddd7f61fd72}" showlabel="false" ordinalvalue="10007" solutionaction="Added">
                                <labels>
                                  <label description="" languagecode="1033" />
                                </labels>
                              </cell>
                              <cell id="{e8990fe3-0848-4524-80a6-0802278499c0}" showlabel="false" ordinalvalue="20008" solutionaction="Added">
                                <labels>
                                  <label description="" languagecode="1033" />
                                </labels>
                              </cell>
                            </row>
                            <row>
                              <cell id="{effe0a3a-323d-40d1-83f2-de3e9e316f73}" showlabel="false" ordinalvalue="10009" solutionaction="Added">
                                <labels>
                                  <label description="" languagecode="1033" />
                                </labels>
                              </cell>
                              <cell id="{212d85df-d5bd-40fe-b429-399745c63b5f}" showlabel="false" ordinalvalue="20010" solutionaction="Added">
                                <labels>
                                  <label description="" languagecode="1033" />
                                </labels>
                              </cell>
                            </row>
                            <row>
                              <cell id="{d05b56bc-ac17-47c1-825a-828d83c674a9}" ordinalvalue="10011" solutionaction="Added">
                                <labels>
                                  <label description="" languagecode="1033" />
                                </labels>
                              </cell>
                              <cell id="{e79d61af-6f6c-4aa5-8842-1c1181a03057}" ordinalvalue="20012" solutionaction="Added">
                                <labels>
                                  <label description="" languagecode="1033" />
                                </labels>
                              </cell>
                            </row>
                          </rows>
                        </section>
                        <section name="notes" showlabel="true" showbar="true" id="{B798FA27-F9FC-4580-988C-0BA75C444488}" IsUserDefined="0" height="auto" ordinalvalue="1">
                          <rows />
                        </section>
                      </sections>
                    </column>
                  </columns>
                </tab>
                <tab name="administration" id="{0dd7233e-247b-4eef-a71b-0185da6d16ad}" IsUserDefined="0" ordinalvalue="3">
                  <columns>
                    <column width="100%" id="0">
                      <sections>
                        <section name="internal information" showlabel="false" showbar="false" id="{c3e86ffb-2b8b-4c56-877f-67bdaa5a7363}" IsUserDefined="0" ordinalvalue="0">
                          <rows>
                            <row>
                              <cell id="{f2399ce4-c0a8-4763-9cb0-e5b1bc678016}" showlabel="false" ordinalvalue="20001" solutionaction="Modified" />
                            </row>
                          </rows>
                        </section>
                        <section name="billing information" showlabel="true" showbar="true" id="{0738bc1c-9226-486d-9258-9b6fc75cbaa7}" IsUserDefined="0" ordinalvalue="1">
                          <rows>
                            <row>
                              <cell id="{cefb2966-525d-46c3-a248-764db1148978}" showlabel="false" ordinalvalue="20005" solutionaction="Modified" />
                            </row>
                          </rows>
                        </section>
                        <section name="contact methods" showlabel="true" showbar="true" id="{fa46a68d-a6b2-4cc1-9d00-4abd1d46c8f4}" IsUserDefined="0" ordinalvalue="2">
                          <rows>
                            <row>
                              <cell id="{9a8793a2-15ba-4963-aee6-901bce1466dc}" showlabel="false" ordinalvalue="20001" solutionaction="Modified" />
                            </row>
                            <row>
                              <cell id="{07196ff5-08d4-4ed2-84a0-1630a841bec3}" showlabel="false" ordinalvalue="20007" solutionaction="Modified" />
                            </row>
                          </rows>
                        </section>
                        <section name="marketing information" showlabel="true" showbar="true" locklevel="0" id="{137f7111-6a68-49ec-bf7e-608e65cb9c45}" IsUserDefined="0" layout="varheight" columns="11" ordinalvalue="3">
                          <rows>
                            <row>
                              <cell id="{3a8532a5-05f8-40ef-b4c6-949661bd120f}" showlabel="false" ordinalvalue="20003" solutionaction="Modified" />
                            </row>
                          </rows>
                        </section>
                        <section name="service preferences" showlabel="true" showbar="true" id="{12ea1501-295d-423d-acf9-5a1257746c83}" IsUserDefined="0" ordinalvalue="4">
                          <rows>
                            <row>
                              <cell id="{f4d7f7f1-3f02-4980-84b8-149525f2f00a}" showlabel="false" ordinalvalue="20005" solutionaction="Modified" />
                            </row>
                          </rows>
                        </section>
                      </sections>
                    </column>
                  </columns>
                </tab>
              </tabs>
              <Navigation>
                <NavBar>
                  <NavBarByRelationshipItem RelationshipName="Contact_CustomerAddress" Id="navAddresses" TitleResourceId="Tab_Label_MoreAddresses" Sequence="10" Area="Info" solutionaction="Modified">
                    <Titles solutionaction="Added">
                      <Title LCID="1033" Text="More Addresses" />
                    </Titles>
                  </NavBarByRelationshipItem>
                  <NavBarByRelationshipItem RelationshipName="contact_customer_contacts" Id="navSubConts" TitleResourceId="Tab_Label_SubContacts" Sequence="40" Area="Info" solutionaction="Modified">
                    <Titles solutionaction="Added">
                      <Title LCID="1033" Text="Sub-Contacts" />
                    </Titles>
                  </NavBarByRelationshipItem>
                  <NavBarByRelationshipItem RelationshipName="Contact_ActivityPointers" Id="navActivities" Icon="/_imgs/ico_18_act.gif" Sequence="20" Area="Info" solutionaction="Modified">
                    <Titles solutionaction="Added">
                      <Title LCID="1033" Text="Activities" />
                    </Titles>
                  </NavBarByRelationshipItem>
                  <NavBarByRelationshipItem RelationshipName="Contact_ActivityPointers" Id="navActivityHistory" TitleResourceId="Tab_Label_History" Icon="/_imgs/ico_18_history.gif" ViewId="21E2B905-6FDB-470d-8517-AD69B4C01268" Sequence="20" Area="Info" solutionaction="Modified">
                    <Titles solutionaction="Added">
                      <Title LCID="1033" Text="Closed Activities" />
                    </Titles>
                  </NavBarByRelationshipItem>
                  <NavBarByRelationshipItem RelationshipName="contact_customer_relationship_customer" Id="navRelationships" TitleResourceId="Left_Nav_Area_Relationships" Sequence="50" Area="Info" solutionaction="Modified">
                    <Titles solutionaction="Added">
                      <Title LCID="1033" Text="Relationships" />
                    </Titles>
                  </NavBarByRelationshipItem>
                </NavBar>
                <NavBarAreas solutionaction="Added">
                  <NavBarArea Id="Info">
                    <Titles>
                      <Title LCID="1033" Text="Common" />
                    </Titles>
                  </NavBarArea>
                  <NavBarArea Id="Sales">
                    <Titles>
                      <Title LCID="1033" Text="Sales" />
                    </Titles>
                  </NavBarArea>
                  <NavBarArea Id="Service">
                    <Titles>
                      <Title LCID="1033" Text="Service" />
                    </Titles>
                  </NavBarArea>
                  <NavBarArea Id="Marketing">
                    <Titles>
                      <Title LCID="1033" Text="Marketing" />
                    </Titles>
                  </NavBarArea>
                  <NavBarArea Id="ProcessCenter">
                    <Titles>
                      <Title LCID="1033" Text="Processes" />
                    </Titles>
                  </NavBarArea>
                </NavBarAreas>
              </Navigation>
            </form>
            <LocalizedNames>
              <LocalizedName description="Information" languagecode="1033" />
            </LocalizedNames>
            <Descriptions>
              <Description description="A form for this entity." languagecode="1033" />
            </Descriptions>
          </systemform>
        </forms>
      </FormXml>
      <RibbonDiffXml>
        <CustomActions>
          <CustomAction Id="unizap.contact.QuickCopy.Button.CustomAction" Location="Mscrm.HomepageGrid.contact.MainTab.Actions.Controls._children" Sequence="10">
            <CommandUIDefinition>
              <Button Alt="$LocLabels:unizap.contact.QuickCopy.Button.Alt" Command="unizap.contact.QuickCopy.Command" Description="Create Copy" Id="unizap.contact.QuickCopy.Button" Image32by32="$webresource:unizap_/QuickCopy/copy32.png" Image16by16="$webresource:unizap_/QuickCopy/copy16.png" LabelText="$LocLabels:unizap.contact.QuickCopy.Button.LabelText" Sequence="10" TemplateAlias="o1" ToolTipTitle="$LocLabels:unizap.contact.QuickCopy.Button.ToolTipTitle" ToolTipDescription="$LocLabels:unizap.contact.QuickCopy.Button.ToolTipDescription" />
            </CommandUIDefinition>
          </CustomAction>
        </CustomActions>
        <Templates>
          <RibbonTemplates Id="Mscrm.Templates"></RibbonTemplates>
        </Templates>
        <CommandDefinitions>
          <CommandDefinition Id="unizap.contact.QuickCopy.Command">
            <EnableRules />
            <DisplayRules />
            <Actions>
              <JavaScriptFunction FunctionName="createCopy" Library="$webresource:unizap_/QuickCopy/QuickCopy.js">
                <CrmParameter Value="SelectedEntityTypeName" />
                <CrmParameter Value="FirstSelectedItemId" />
              </JavaScriptFunction>
            </Actions>
          </CommandDefinition>
        </CommandDefinitions>
        <RuleDefinitions>
          <TabDisplayRules />
          <DisplayRules />
          <EnableRules />
        </RuleDefinitions>
        <LocLabels>
          <LocLabel Id="unizap.contact.QuickCopy.Button.Alt">
            <Titles>
              <Title description="Quick Copy" languagecode="1033" />
            </Titles>
          </LocLabel>
          <LocLabel Id="unizap.contact.QuickCopy.Button.LabelText">
            <Titles>
              <Title description="Quick Copy" languagecode="1033" />
            </Titles>
          </LocLabel>
          <LocLabel Id="unizap.contact.QuickCopy.Button.ToolTipDescription">
            <Titles>
              <Title description="Click to quickly create a copy of this record" languagecode="1033" />
            </Titles>
          </LocLabel>
          <LocLabel Id="unizap.contact.QuickCopy.Button.ToolTipTitle">
            <Titles>
              <Title description="Create Copy" languagecode="1033" />
            </Titles>
          </LocLabel>
        </LocLabels>
      </RibbonDiffXml>
    </Entity>
  </Entities>
  <Roles></Roles>
  <Workflows></Workflows>
  <FieldSecurityProfiles></FieldSecurityProfiles>
  <Templates />
  <EntityMaps />
  <EntityRelationships />
  <OrganizationSettings />
  <optionsets />
  <WebResources>
    <WebResource>
      <WebResourceId>{58342be7-1330-e311-838f-000c294ba923}</WebResourceId>
      <Name>unizap_/QuickCopy/copy32.png</Name>
      <DisplayName>copy32.png</DisplayName>
      <WebResourceType>5</WebResourceType>
      <IsCustomizable>1</IsCustomizable>
      <CanBeDeleted>1</CanBeDeleted>
      <IsHidden>0</IsHidden>
      <FileName>/WebResources/unizap_QuickCopycopy32png58342BE7-1330-E311-838F-000C294BA923</FileName>
    </WebResource>
    <WebResource>
      <WebResourceId>{389ccc09-1430-e311-838f-000c294ba923}</WebResourceId>
      <Name>unizap_/QuickCopy/copy16.png</Name>
      <DisplayName>copy16.png</DisplayName>
      <WebResourceType>5</WebResourceType>
      <IsCustomizable>1</IsCustomizable>
      <CanBeDeleted>1</CanBeDeleted>
      <IsHidden>0</IsHidden>
      <FileName>/WebResources/unizap_QuickCopycopy16png389CCC09-1430-E311-838F-000C294BA923</FileName>
    </WebResource>
    <WebResource>
      <WebResourceId>{fad728c7-1630-e311-838f-000c294ba923}</WebResourceId>
      <Name>unizap_/QuickCopy/QuickCopy.js</Name>
      <DisplayName>QuickCopy.js</DisplayName>
      <WebResourceType>3</WebResourceType>
      <IsCustomizable>1</IsCustomizable>
      <CanBeDeleted>1</CanBeDeleted>
      <IsHidden>0</IsHidden>
      <FileName>/WebResources/unizap_QuickCopyQuickCopyjsFAD728C7-1630-E311-838F-000C294BA923</FileName>
    </WebResource>
  </WebResources>
  <SolutionPluginAssemblies>
    <PluginAssembly FullName="Unizap.Addon.QuickCopy, Version=1.0.0.0, Culture=neutral, PublicKeyToken=361419234865ad7b" CustomizationLevel="1">
      <IsolationMode>2</IsolationMode>
      <SourceType>0</SourceType>
      <FileName>/PluginAssemblies/UnizapAddonQuickCopy-2D1C8AEA-2F9C-45D0-8FA9-B98510A93C58/UnizapAddonQuickCopy.dll</FileName>
      <PluginTypes>
        <PluginType AssemblyQualifiedName="Unizap.Addon.QuickCopy.PreCreateClone, Unizap.Addon.QuickCopy, Version=1.0.0.0, Culture=neutral, PublicKeyToken=361419234865ad7b" Name="Unizap.Addon.QuickCopy.PreCreateClone">
          <FriendlyName>544260d7-fa5d-4f57-82c3-b3d3c75d3abd</FriendlyName>
        </PluginType>
      </PluginTypes>
    </PluginAssembly>
  </SolutionPluginAssemblies>
  <SdkMessageProcessingSteps>
    <SdkMessageProcessingStep Name="Unizap.Addon.QuickCopy.PreCreateClone: Create of contact" SdkMessageProcessingStepId="{be848d45-6932-e311-ba00-000c294ba923}">
      <PluginTypeName>Unizap.Addon.QuickCopy.PreCreateClone, Unizap.Addon.QuickCopy, Version=1.0.0.0, Culture=neutral, PublicKeyToken=361419234865ad7b</PluginTypeName>
      <PrimaryEntity>contact</PrimaryEntity>
      <AsyncAutoDelete>0</AsyncAutoDelete>
      <InvocationSource>1</InvocationSource>
      <Mode>0</Mode>
      <Rank>1</Rank>
      <SdkMessageId>{9ebdbb1b-ea3e-db11-86a7-000a3a5473e8}</SdkMessageId>
      <EventHandlerTypeCode>4602</EventHandlerTypeCode>
      <Stage>20</Stage>
      <IsCustomizable>1</IsCustomizable>
      <IsHidden>0</IsHidden>
      <SupportedDeployment>0</SupportedDeployment>
      <SdkMessageProcessingStepImages />
    </SdkMessageProcessingStep>
  </SdkMessageProcessingSteps>
  <Languages>
    <Language>1033</Language>
  </Languages>
</ImportExportXml>