<ImportExportXml version="6.0.0000.0514" SolutionPackageVersion="6.0" languagecode="1033" generatedBy="OnPremise" xmlns:xsi="http://www.w3.org/2001/XMLSchema-instance">
  <SolutionManifest>
    <UniqueName>QuickCopy</UniqueName>
    <LocalizedNames>
      <LocalizedName description="QuickCopy" languagecode="1033" />
    </LocalizedNames>
    <Descriptions>
      <Description description="Quickly create an exact copy of any existing record." languagecode="1033" />
    </Descriptions>
    <Version>1.0.0.0</Version>
    <Managed>0</Managed>
    <Publisher>
      <UniqueName>unizap</UniqueName>
      <LocalizedNames>
        <LocalizedName description="UNIZAP" languagecode="1033" />
      </LocalizedNames>
      <Descriptions>
        <Description description="We provide CRM/xRM solutions using Microsoft Dynamics CRM that enable our customers to perform their daily business more efficiently. We also focus on developing Add-ons for Microsoft Dynamics CRM. &#xA;&#xA;Our team of technology consultants is adept at understanding the business challenges &amp; providing solutions to overcome these challenges. &#xA;&#xA;Services we offer:&#xA;&#xA;• Microsoft Dynamics CRM&#xA;o Consulting&#xA;o Customization/ Configuration/ Implementation&#xA;o Enhancements&#xA;o Maintenance&#xA;o Add-ons" languagecode="1033" />
      </Descriptions>
      <EMailAddress>info@unizap.com</EMailAddress>
      <SupportingWebsiteUrl>http://www.unizap.com</SupportingWebsiteUrl>
      <CustomizationPrefix>unizap</CustomizationPrefix>
      <CustomizationOptionValuePrefix>10000</CustomizationOptionValuePrefix>
      <Addresses>
        <Address>
          <AddressNumber>1</AddressNumber>
          <AddressTypeCode>1</AddressTypeCode>
          <City>Mumbai</City>
          <County xsi:nil="true"></County>
          <Country>India</Country>
          <Fax xsi:nil="true"></Fax>
          <FreightTermsCode xsi:nil="true"></FreightTermsCode>
          <ImportSequenceNumber xsi:nil="true"></ImportSequenceNumber>
          <Latitude xsi:nil="true"></Latitude>
          <Line1>151, Evershine Mall</Line1>
          <Line2>Link Road, Malad W</Line2>
          <Line3 xsi:nil="true"></Line3>
          <Longitude xsi:nil="true"></Longitude>
          <Name xsi:nil="true"></Name>
          <PostalCode>400063</PostalCode>
          <PostOfficeBox xsi:nil="true"></PostOfficeBox>
          <PrimaryContactName xsi:nil="true"></PrimaryContactName>
          <ShippingMethodCode>1</ShippingMethodCode>
          <StateOrProvince>Maharashtra</StateOrProvince>
          <Telephone1>+919167066656</Telephone1>
          <Telephone2 xsi:nil="true"></Telephone2>
          <Telephone3 xsi:nil="true"></Telephone3>
          <TimeZoneRuleVersionNumber xsi:nil="true"></TimeZoneRuleVersionNumber>
          <UPSZone xsi:nil="true"></UPSZone>
          <UTCOffset xsi:nil="true"></UTCOffset>
          <UTCConversionTimeZoneCode xsi:nil="true"></UTCConversionTimeZoneCode>
        </Address>
        <Address>
          <AddressNumber>2</AddressNumber>
          <AddressTypeCode>1</AddressTypeCode>
          <City xsi:nil="true"></City>
          <County xsi:nil="true"></County>
          <Country xsi:nil="true"></Country>
          <Fax xsi:nil="true"></Fax>
          <FreightTermsCode xsi:nil="true"></FreightTermsCode>
          <ImportSequenceNumber xsi:nil="true"></ImportSequenceNumber>
          <Latitude xsi:nil="true"></Latitude>
          <Line1 xsi:nil="true"></Line1>
          <Line2 xsi:nil="true"></Line2>
          <Line3 xsi:nil="true"></Line3>
          <Longitude xsi:nil="true"></Longitude>
          <Name xsi:nil="true"></Name>
          <PostalCode xsi:nil="true"></PostalCode>
          <PostOfficeBox xsi:nil="true"></PostOfficeBox>
          <PrimaryContactName xsi:nil="true"></PrimaryContactName>
          <ShippingMethodCode>1</ShippingMethodCode>
          <StateOrProvince xsi:nil="true"></StateOrProvince>
          <Telephone1 xsi:nil="true"></Telephone1>
          <Telephone2 xsi:nil="true"></Telephone2>
          <Telephone3 xsi:nil="true"></Telephone3>
          <TimeZoneRuleVersionNumber xsi:nil="true"></TimeZoneRuleVersionNumber>
          <UPSZone xsi:nil="true"></UPSZone>
          <UTCOffset xsi:nil="true"></UTCOffset>
          <UTCConversionTimeZoneCode xsi:nil="true"></UTCConversionTimeZoneCode>
        </Address>
      </Addresses>
    </Publisher>
    <RootComponents>
      <RootComponent type="1" schemaName="account" />
      <RootComponent type="1" schemaName="campaign" />
      <RootComponent type="1" schemaName="competitor" />
      <RootComponent type="1" schemaName="contact" />
      <RootComponent type="1" schemaName="goal" />
      <RootComponent type="1" schemaName="incident" />
      <RootComponent type="1" schemaName="invoice" />
      <RootComponent type="1" schemaName="lead" />
      <RootComponent type="1" schemaName="opportunity" />
      <RootComponent type="1" schemaName="product" />
      <RootComponent type="1" schemaName="quote" />
      <RootComponent type="1" schemaName="salesorder" />
      <RootComponent type="1" schemaName="unizap_quickcopyexcludefieldsconfig" />
      <RootComponent type="61" schemaName="unizap_/QuickCopy/copy16.png" />
      <RootComponent type="61" schemaName="unizap_/QuickCopy/copy32.png" />
      <RootComponent type="61" schemaName="unizap_/QuickCopy/QuickCopy.js" />
      <RootComponent type="91" schemaName="Unizap.Addon.QuickCopy, Version=1.0.0.0, Culture=neutral, PublicKeyToken=361419234865ad7b" />
      <RootComponent type="92" id="{23d02fe1-9835-e311-9972-000c294ba923}" />
      <RootComponent type="92" id="{32309fb1-9935-e311-9972-000c294ba923}" />
      <RootComponent type="92" id="{4c53e395-9935-e311-9972-000c294ba923}" />
      <RootComponent type="92" id="{588613ab-9935-e311-9972-000c294ba923}" />
      <RootComponent type="92" id="{6bb113ce-9935-e311-9972-000c294ba923}" />
      <RootComponent type="92" id="{74ee6bd4-9935-e311-9972-000c294ba923}" />
      <RootComponent type="92" id="{8b3b39c6-9935-e311-9972-000c294ba923}" />
      <RootComponent type="92" id="{8e45de8a-9935-e311-9972-000c294ba923}" />
      <RootComponent type="92" id="{91955580-9935-e311-9972-000c294ba923}" />
      <RootComponent type="92" id="{a2565c6e-9935-e311-9972-000c294ba923}" />
      <RootComponent type="92" id="{be848d45-6932-e311-ba00-000c294ba923}" />
      <RootComponent type="92" id="{e3b6e4b8-9935-e311-9972-000c294ba923}" />
    </RootComponents>
    <MissingDependencies>
      <MissingDependency>
        <Required key="0" type="26" schemaName="Contract Line With Allotments" displayName="Contract Line With Allotments" parentSchemaName="contractdetail" parentDisplayName="Contract Line" solution="System" id="{8fa2705c-7e4c-4c0e-b611-4593b35a4c9e}" />
        <Dependent key="1" type="60" parentDisplayName="Case" id="{f658c846-f74c-459b-b591-b97558958106}" />
      </MissingDependency>
      <MissingDependency>
        <Required key="2" type="26" schemaName="Active Contracts" displayName="Active Contracts" parentSchemaName="contract" parentDisplayName="Contract" solution="System" id="{646de3ee-ebfb-4d19-8a44-4a619505e188}" />
        <Dependent key="1" type="60" parentDisplayName="Case" id="{f658c846-f74c-459b-b591-b97558958106}" />
      </MissingDependency>
      <MissingDependency>
        <Required key="3" type="26" schemaName="Opportunity Product Inline Edit View" displayName="Opportunity Product Inline Edit View" parentSchemaName="opportunityproduct" parentDisplayName="Opportunity Product" solution="System" id="{01010de7-749e-4fe6-8037-aca560a4fcbe}" />
        <Dependent key="4" type="60" parentDisplayName="Opportunity" id="{a2a56263-ec37-4991-a3b0-e7b37a71d818}" />
      </MissingDependency>
      <MissingDependency>
        <Required key="5" type="26" schemaName="Open Activities" displayName="Open Activities" parentSchemaName="activitypointer" parentDisplayName="Activity" solution="System" id="{00000000-0000-0000-00aa-000010001900}" />
        <Dependent key="4" type="60" parentDisplayName="Opportunity" id="{a2a56263-ec37-4991-a3b0-e7b37a71d818}" />
      </MissingDependency>
      <MissingDependency>
        <Required key="5" type="26" schemaName="Open Activities" displayName="Open Activities" parentSchemaName="activitypointer" parentDisplayName="Activity" solution="System" id="{00000000-0000-0000-00aa-000010001900}" />
        <Dependent key="6" type="60" parentDisplayName="Lead" id="{9886ead0-4fcc-4747-9a18-08e7a9a6de71}" />
      </MissingDependency>
      <MissingDependency>
        <Required key="5" type="26" schemaName="Open Activities" displayName="Open Activities" parentSchemaName="activitypointer" parentDisplayName="Activity" solution="System" id="{00000000-0000-0000-00aa-000010001900}" />
        <Dependent key="7" type="60" parentDisplayName="Contact" id="{894cc46a-b0cb-4ab0-8bf6-200544e46a2d}" />
      </MissingDependency>
      <MissingDependency>
        <Required key="5" type="26" schemaName="Open Activities" displayName="Open Activities" parentSchemaName="activitypointer" parentDisplayName="Activity" solution="System" id="{00000000-0000-0000-00aa-000010001900}" />
        <Dependent key="8" type="60" parentDisplayName="Account" id="{b053a39a-041a-4356-acef-ddf00182762b}" />
      </MissingDependency>
      <MissingDependency>
        <Required key="9" type="26" schemaName="Active Services" displayName="Active Services" parentSchemaName="service" parentDisplayName="Service" solution="System" id="{2bd4de5e-a7b4-4f5d-8fde-eb3b62d8e2b2}" />
        <Dependent key="7" type="60" parentDisplayName="Contact" id="{894cc46a-b0cb-4ab0-8bf6-200544e46a2d}" />
      </MissingDependency>
      <MissingDependency>
        <Required key="9" type="26" schemaName="Active Services" displayName="Active Services" parentSchemaName="service" parentDisplayName="Service" solution="System" id="{2bd4de5e-a7b4-4f5d-8fde-eb3b62d8e2b2}" />
        <Dependent key="8" type="60" parentDisplayName="Account" id="{b053a39a-041a-4356-acef-ddf00182762b}" />
      </MissingDependency>
      <MissingDependency>
        <Required key="10" type="26" schemaName="Order Product Inline Edit View" displayName="Order Product Inline Edit View" parentSchemaName="salesorderdetail" parentDisplayName="Order Product" solution="System" id="{9ac6a187-5fb8-445c-914a-3b4a33c0017e}" />
        <Dependent key="11" type="60" parentDisplayName="Order" id="{d598792c-3ff0-43f3-b3e3-bbd70b99e1a5}" />
      </MissingDependency>
      <MissingDependency>
        <Required key="12" type="61" schemaName="msdyn_/RecordWall.htm" displayName="msdyn_/RecordWall.htm" solution="ActivityFeedsCore (6.0.0.514)" />
        <Dependent key="8" type="60" parentDisplayName="Account" id="{b053a39a-041a-4356-acef-ddf00182762b}" />
      </MissingDependency>
      <MissingDependency>
        <Required key="12" type="61" schemaName="msdyn_/RecordWall.htm" displayName="msdyn_/RecordWall.htm" solution="ActivityFeedsCore (6.0.0.514)" />
        <Dependent key="1" type="60" parentDisplayName="Case" id="{f658c846-f74c-459b-b591-b97558958106}" />
      </MissingDependency>
      <MissingDependency>
        <Required key="12" type="61" schemaName="msdyn_/RecordWall.htm" displayName="msdyn_/RecordWall.htm" solution="ActivityFeedsCore (6.0.0.514)" />
        <Dependent key="6" type="60" parentDisplayName="Lead" id="{9886ead0-4fcc-4747-9a18-08e7a9a6de71}" />
      </MissingDependency>
      <MissingDependency>
        <Required key="12" type="61" schemaName="msdyn_/RecordWall.htm" displayName="msdyn_/RecordWall.htm" solution="ActivityFeedsCore (6.0.0.514)" />
        <Dependent key="13" type="60" parentDisplayName="Competitor" id="{b81139b0-9849-4def-836b-75c4a0f0b03a}" />
      </MissingDependency>
      <MissingDependency>
        <Required key="12" type="61" schemaName="msdyn_/RecordWall.htm" displayName="msdyn_/RecordWall.htm" solution="ActivityFeedsCore (6.0.0.514)" />
        <Dependent key="4" type="60" parentDisplayName="Opportunity" id="{a2a56263-ec37-4991-a3b0-e7b37a71d818}" />
      </MissingDependency>
      <MissingDependency>
        <Required key="14" type="61" schemaName="msdyn_/ActivityFeeds.Form.js" displayName="msdyn_/ActivityFeeds.Form.js" solution="ActivityFeedsCore (6.0.0.514)" />
        <Dependent key="4" type="60" parentDisplayName="Opportunity" id="{a2a56263-ec37-4991-a3b0-e7b37a71d818}" />
      </MissingDependency>
      <MissingDependency>
        <Required key="14" type="61" schemaName="msdyn_/ActivityFeeds.Form.js" displayName="msdyn_/ActivityFeeds.Form.js" solution="ActivityFeedsCore (6.0.0.514)" />
        <Dependent key="13" type="60" parentDisplayName="Competitor" id="{b81139b0-9849-4def-836b-75c4a0f0b03a}" />
      </MissingDependency>
      <MissingDependency>
        <Required key="14" type="61" schemaName="msdyn_/ActivityFeeds.Form.js" displayName="msdyn_/ActivityFeeds.Form.js" solution="ActivityFeedsCore (6.0.0.514)" />
        <Dependent key="6" type="60" parentDisplayName="Lead" id="{9886ead0-4fcc-4747-9a18-08e7a9a6de71}" />
      </MissingDependency>
      <MissingDependency>
        <Required key="14" type="61" schemaName="msdyn_/ActivityFeeds.Form.js" displayName="msdyn_/ActivityFeeds.Form.js" solution="ActivityFeedsCore (6.0.0.514)" />
        <Dependent key="1" type="60" parentDisplayName="Case" id="{f658c846-f74c-459b-b591-b97558958106}" />
      </MissingDependency>
      <MissingDependency>
        <Required key="14" type="61" schemaName="msdyn_/ActivityFeeds.Form.js" displayName="msdyn_/ActivityFeeds.Form.js" solution="ActivityFeedsCore (6.0.0.514)" />
        <Dependent key="8" type="60" parentDisplayName="Account" id="{b053a39a-041a-4356-acef-ddf00182762b}" />
      </MissingDependency>
    </MissingDependencies>
  </SolutionManifest>
</ImportExportXml>